
INSERT INTO public.categories VALUES (1, 'Macbook Pro', 'It’s faster and more powerful than before, yet remarkably thinner and lighter. It has the brightest, most colorful Mac notebook display ever. And it introduces the Touch Bar — a Multi-Touch enabled strip of glass built into the keyboard for instant access to the tools you want, right when you want them. The new MacBook Pro is built on groundbreaking ideas. And it’s ready for yours.');
INSERT INTO public.categories VALUES (2, 'Macbook Air', 'The new thinner and lighter MacBook Air features a brilliant Retina display, the security and convenience of Touch ID, the latest‐generation keyboard, and a Force Touch trackpad. And with an enclosure made with 100 percent recycled aluminum, it’s the greenest Mac ever. MacBook Air is your perfectly portable, do‐it‐all notebook.');
INSERT INTO public.categories VALUES (3, 'MacBook M1 ARM', 'là dòng MacBook mới nhất hiện nay sử dụng chip M1 do Apple tự sản xuất trên công nghệ hãng ARM');
INSERT INTO public.categories VALUES (4, 'iMac', '');
INSERT INTO public.categories VALUES (5, 'iMac M1', 'Dòng iMac M1 mới nhất 2021 của Apple với màn hình 24 inch 4.5K');
INSERT INTO public.categories VALUES (6, 'iMac Mini', '');
INSERT INTO public.categories VALUES (7, 'iMac Pro', '');
INSERT INTO public.categories VALUES (8, 'iPad', '');
INSERT INTO public.categories VALUES (9, 'iPad Air', '123');


--
-- TOC entry 3387 (class 0 OID 50534)
-- Dependencies: 214
-- Data for Name: feature_detail; Type: TABLE DATA; Schema: public; Owner: -
--

INSERT INTO public.feature_detail VALUES (2040387, 1);
INSERT INTO public.feature_detail VALUES (2040387, 42);
INSERT INTO public.feature_detail VALUES (2040387, 5);
INSERT INTO public.feature_detail VALUES (2040387, 34);
INSERT INTO public.feature_detail VALUES (2040387, 17);
INSERT INTO public.feature_detail VALUES (2040387, 27);
INSERT INTO public.feature_detail VALUES (2040388, 2);
INSERT INTO public.feature_detail VALUES (2040388, 42);
INSERT INTO public.feature_detail VALUES (2040388, 5);
INSERT INTO public.feature_detail VALUES (2040388, 34);
INSERT INTO public.feature_detail VALUES (2040388, 17);
INSERT INTO public.feature_detail VALUES (2040388, 27);
INSERT INTO public.feature_detail VALUES (2040389, 1);
INSERT INTO public.feature_detail VALUES (2040389, 43);
INSERT INTO public.feature_detail VALUES (2040389, 5);
INSERT INTO public.feature_detail VALUES (2040389, 34);
INSERT INTO public.feature_detail VALUES (2040389, 17);
INSERT INTO public.feature_detail VALUES (2040389, 27);
INSERT INTO public.feature_detail VALUES (2040390, 2);
INSERT INTO public.feature_detail VALUES (2040390, 43);
INSERT INTO public.feature_detail VALUES (2040390, 5);
INSERT INTO public.feature_detail VALUES (2040390, 34);
INSERT INTO public.feature_detail VALUES (2040390, 17);
INSERT INTO public.feature_detail VALUES (2040390, 27);
INSERT INTO public.feature_detail VALUES (2033962, 1);
INSERT INTO public.feature_detail VALUES (2033962, 41);
INSERT INTO public.feature_detail VALUES (2033962, 4);
INSERT INTO public.feature_detail VALUES (2033962, 34);
INSERT INTO public.feature_detail VALUES (2033962, 18);
INSERT INTO public.feature_detail VALUES (2033962, 27);
INSERT INTO public.feature_detail VALUES (2033963, 2);
INSERT INTO public.feature_detail VALUES (2033963, 41);
INSERT INTO public.feature_detail VALUES (2033963, 4);
INSERT INTO public.feature_detail VALUES (2033963, 34);
INSERT INTO public.feature_detail VALUES (2033963, 18);
INSERT INTO public.feature_detail VALUES (2033963, 27);
INSERT INTO public.feature_detail VALUES (2033964, 1);
INSERT INTO public.feature_detail VALUES (2033964, 42);
INSERT INTO public.feature_detail VALUES (2033964, 4);
INSERT INTO public.feature_detail VALUES (2033964, 34);
INSERT INTO public.feature_detail VALUES (2033964, 18);
INSERT INTO public.feature_detail VALUES (2033964, 27);
INSERT INTO public.feature_detail VALUES (2033965, 2);
INSERT INTO public.feature_detail VALUES (2033965, 42);
INSERT INTO public.feature_detail VALUES (2033965, 4);
INSERT INTO public.feature_detail VALUES (2033965, 34);
INSERT INTO public.feature_detail VALUES (2033965, 18);
INSERT INTO public.feature_detail VALUES (2033965, 27);
INSERT INTO public.feature_detail VALUES (2040391, 1);
INSERT INTO public.feature_detail VALUES (2040391, 42);
INSERT INTO public.feature_detail VALUES (2040391, 6);
INSERT INTO public.feature_detail VALUES (2040391, 35);
INSERT INTO public.feature_detail VALUES (2040391, 24);
INSERT INTO public.feature_detail VALUES (2040391, 27);
INSERT INTO public.feature_detail VALUES (2040392, 2);
INSERT INTO public.feature_detail VALUES (2040392, 42);
INSERT INTO public.feature_detail VALUES (2040392, 6);
INSERT INTO public.feature_detail VALUES (2040392, 35);
INSERT INTO public.feature_detail VALUES (2040392, 24);
INSERT INTO public.feature_detail VALUES (2040392, 27);
INSERT INTO public.feature_detail VALUES (2040393, 1);
INSERT INTO public.feature_detail VALUES (2040393, 43);
INSERT INTO public.feature_detail VALUES (2040393, 7);
INSERT INTO public.feature_detail VALUES (2040393, 35);
INSERT INTO public.feature_detail VALUES (2040393, 25);
INSERT INTO public.feature_detail VALUES (2040393, 27);
INSERT INTO public.feature_detail VALUES (2040394, 2);
INSERT INTO public.feature_detail VALUES (2040394, 43);
INSERT INTO public.feature_detail VALUES (2040394, 7);
INSERT INTO public.feature_detail VALUES (2040394, 35);
INSERT INTO public.feature_detail VALUES (2040394, 25);
INSERT INTO public.feature_detail VALUES (2040394, 27);
INSERT INTO public.feature_detail VALUES (2038799, 1);
INSERT INTO public.feature_detail VALUES (2038799, 41);
INSERT INTO public.feature_detail VALUES (2038799, 9);
INSERT INTO public.feature_detail VALUES (2038799, 34);
INSERT INTO public.feature_detail VALUES (2038799, 19);
INSERT INTO public.feature_detail VALUES (2038799, 27);
INSERT INTO public.feature_detail VALUES (2038800, 2);
INSERT INTO public.feature_detail VALUES (2038800, 41);
INSERT INTO public.feature_detail VALUES (2038800, 9);
INSERT INTO public.feature_detail VALUES (2038800, 34);
INSERT INTO public.feature_detail VALUES (2038800, 19);
INSERT INTO public.feature_detail VALUES (2038800, 27);
INSERT INTO public.feature_detail VALUES (2038801, 3);
INSERT INTO public.feature_detail VALUES (2038801, 41);
INSERT INTO public.feature_detail VALUES (2038801, 9);
INSERT INTO public.feature_detail VALUES (2038801, 34);
INSERT INTO public.feature_detail VALUES (2038801, 19);
INSERT INTO public.feature_detail VALUES (2038801, 27);
INSERT INTO public.feature_detail VALUES (2038802, 1);
INSERT INTO public.feature_detail VALUES (2038802, 42);
INSERT INTO public.feature_detail VALUES (2038802, 9);
INSERT INTO public.feature_detail VALUES (2038802, 34);
INSERT INTO public.feature_detail VALUES (2038802, 19);
INSERT INTO public.feature_detail VALUES (2038802, 27);
INSERT INTO public.feature_detail VALUES (2038803, 2);
INSERT INTO public.feature_detail VALUES (2038803, 42);
INSERT INTO public.feature_detail VALUES (2038803, 9);
INSERT INTO public.feature_detail VALUES (2038803, 34);
INSERT INTO public.feature_detail VALUES (2038803, 19);
INSERT INTO public.feature_detail VALUES (2038803, 27);
INSERT INTO public.feature_detail VALUES (2038804, 3);
INSERT INTO public.feature_detail VALUES (2038804, 42);
INSERT INTO public.feature_detail VALUES (2038804, 9);
INSERT INTO public.feature_detail VALUES (2038804, 34);
INSERT INTO public.feature_detail VALUES (2038804, 19);
INSERT INTO public.feature_detail VALUES (2038804, 27);
INSERT INTO public.feature_detail VALUES (2033974, 41);
INSERT INTO public.feature_detail VALUES (2033974, 10);
INSERT INTO public.feature_detail VALUES (2033974, 34);
INSERT INTO public.feature_detail VALUES (2033974, 20);
INSERT INTO public.feature_detail VALUES (2033974, 28);
INSERT INTO public.feature_detail VALUES (2033976, 1);
INSERT INTO public.feature_detail VALUES (2033976, 42);
INSERT INTO public.feature_detail VALUES (2033976, 11);
INSERT INTO public.feature_detail VALUES (2033976, 34);
INSERT INTO public.feature_detail VALUES (2033976, 21);
INSERT INTO public.feature_detail VALUES (2033976, 27);
INSERT INTO public.feature_detail VALUES (2033977, 2);
INSERT INTO public.feature_detail VALUES (2033977, 42);
INSERT INTO public.feature_detail VALUES (2033977, 11);
INSERT INTO public.feature_detail VALUES (2033977, 34);
INSERT INTO public.feature_detail VALUES (2033977, 21);
INSERT INTO public.feature_detail VALUES (2033977, 27);
INSERT INTO public.feature_detail VALUES (2038817, 3);
INSERT INTO public.feature_detail VALUES (2038817, 42);
INSERT INTO public.feature_detail VALUES (2038817, 11);
INSERT INTO public.feature_detail VALUES (2038817, 34);
INSERT INTO public.feature_detail VALUES (2038817, 21);
INSERT INTO public.feature_detail VALUES (2038817, 27);
INSERT INTO public.feature_detail VALUES (2033981, 1);
INSERT INTO public.feature_detail VALUES (2033981, 43);
INSERT INTO public.feature_detail VALUES (2033981, 12);
INSERT INTO public.feature_detail VALUES (2033981, 34);
INSERT INTO public.feature_detail VALUES (2033981, 21);
INSERT INTO public.feature_detail VALUES (2033981, 27);
INSERT INTO public.feature_detail VALUES (2033982, 2);
INSERT INTO public.feature_detail VALUES (2033982, 43);
INSERT INTO public.feature_detail VALUES (2033982, 12);
INSERT INTO public.feature_detail VALUES (2033982, 34);
INSERT INTO public.feature_detail VALUES (2033982, 21);
INSERT INTO public.feature_detail VALUES (2033982, 27);
INSERT INTO public.feature_detail VALUES (2038818, 3);
INSERT INTO public.feature_detail VALUES (2038818, 43);
INSERT INTO public.feature_detail VALUES (2038818, 12);
INSERT INTO public.feature_detail VALUES (2038818, 34);
INSERT INTO public.feature_detail VALUES (2038818, 21);
INSERT INTO public.feature_detail VALUES (2038818, 27);
INSERT INTO public.feature_detail VALUES (2033985, 44);
INSERT INTO public.feature_detail VALUES (2033985, 4);
INSERT INTO public.feature_detail VALUES (2033985, 34);
INSERT INTO public.feature_detail VALUES (2033985, 37);
INSERT INTO public.feature_detail VALUES (2039882, 44);
INSERT INTO public.feature_detail VALUES (2039882, 13);
INSERT INTO public.feature_detail VALUES (2039882, 34);
INSERT INTO public.feature_detail VALUES (2039882, 24);
INSERT INTO public.feature_detail VALUES (2039882, 40);
INSERT INTO public.feature_detail VALUES (2039883, 44);
INSERT INTO public.feature_detail VALUES (2039883, 14);
INSERT INTO public.feature_detail VALUES (2039883, 34);
INSERT INTO public.feature_detail VALUES (2039883, 25);
INSERT INTO public.feature_detail VALUES (2039883, 40);
INSERT INTO public.feature_detail VALUES (2039885, 44);
INSERT INTO public.feature_detail VALUES (2039885, 14);
INSERT INTO public.feature_detail VALUES (2039885, 34);
INSERT INTO public.feature_detail VALUES (2039885, 26);
INSERT INTO public.feature_detail VALUES (2039885, 39);
INSERT INTO public.feature_detail VALUES (2039886, 44);
INSERT INTO public.feature_detail VALUES (2039886, 15);
INSERT INTO public.feature_detail VALUES (2039886, 34);
INSERT INTO public.feature_detail VALUES (2039886, 22);
INSERT INTO public.feature_detail VALUES (2039886, 39);
INSERT INTO public.feature_detail VALUES (2039887, 44);
INSERT INTO public.feature_detail VALUES (2039887, 16);
INSERT INTO public.feature_detail VALUES (2039887, 34);
INSERT INTO public.feature_detail VALUES (2039887, 23);
INSERT INTO public.feature_detail VALUES (2039887, 39);


--
-- TOC entry 3388 (class 0 OID 50537)
-- Dependencies: 215
-- Data for Name: feature_type; Type: TABLE DATA; Schema: public; Owner: -
--

INSERT INTO public.feature_type VALUES ('GPU', 'GPU', '');
INSERT INTO public.feature_type VALUES ('RAM', 'RAM', 'GB');
INSERT INTO public.feature_type VALUES ('YEAR', 'Year', '');
INSERT INTO public.feature_type VALUES ('RESOLUTION', 'Resolution', '');
INSERT INTO public.feature_type VALUES ('CPU', 'Processor', '');
INSERT INTO public.feature_type VALUES ('ROM', 'Storage', '');
INSERT INTO public.feature_type VALUES ('ROMSSD', 'Storage SSD', '');
INSERT INTO public.feature_type VALUES ('MONITOR', 'Screen Size', '"');
INSERT INTO public.feature_type VALUES ('COLOR', 'Color', '');


--
-- TOC entry 3376 (class 0 OID 50473)
-- Dependencies: 203
-- Data for Name: features; Type: TABLE DATA; Schema: public; Owner: -
--

INSERT INTO public.features VALUES (1, 'Space Gray', 'COLOR', 1);
INSERT INTO public.features VALUES (2, 'Silver', 'COLOR', 1);
INSERT INTO public.features VALUES (3, 'Gold', 'COLOR', 1);
INSERT INTO public.features VALUES (4, '2.3GHz i5 Dual-Core', 'CPU', 1);
INSERT INTO public.features VALUES (5, '2.4GHz i5 Quad-Core', 'CPU', 2);
INSERT INTO public.features VALUES (6, '2.6GHz i7 6-Core', 'CPU', 5);
INSERT INTO public.features VALUES (7, '2.3GHz i9 8-Core', 'CPU', 8);
INSERT INTO public.features VALUES (8, 'Apple M1', 'CPU', 13);
INSERT INTO public.features VALUES (9, '1.6GHz i5 Dual-Core', 'CPU', 2);
INSERT INTO public.features VALUES (10, '1.8GHz i5 Dual-Core', 'CPU', 2);
INSERT INTO public.features VALUES (11, '1.2GHz Intel Core M3', 'CPU', 1);
INSERT INTO public.features VALUES (12, '1.3GHz i5 Dual-Core', 'CPU', 2);
INSERT INTO public.features VALUES (13, '3.6GHz i3 Quad-Core', 'CPU', 5);
INSERT INTO public.features VALUES (14, '3.0GHz i5 6-Core', 'CPU', 8);
INSERT INTO public.features VALUES (15, '3.1GHz i5 6-Core', 'CPU', 8);
INSERT INTO public.features VALUES (16, '3.7GHz i5 6-Core', 'CPU', 8);
INSERT INTO public.features VALUES (17, 'Intel Iris Plus Graphics 655', 'GPU', 8);
INSERT INTO public.features VALUES (18, 'Intel Iris Graphics 640', 'GPU', 5);
INSERT INTO public.features VALUES (19, 'Intel UHD 617', 'GPU', 3);
INSERT INTO public.features VALUES (20, 'Intel HD 6000', 'GPU', 2);
INSERT INTO public.features VALUES (21, 'Intel HD 615', 'GPU', 1);
INSERT INTO public.features VALUES (22, 'Radeon Pro 575X', 'GPU', 13);
INSERT INTO public.features VALUES (23, 'Radeon Pro 580X', 'GPU', 13);
INSERT INTO public.features VALUES (24, 'Radeon Pro 555X', 'GPU', 5);
INSERT INTO public.features VALUES (25, 'Radeon Pro 560X', 'GPU', 5);
INSERT INTO public.features VALUES (26, 'Radeon Pro 570X', 'GPU', 8);
INSERT INTO public.features VALUES (27, '13', 'MONITOR', 1);
INSERT INTO public.features VALUES (28, '13.3', 'MONITOR', 2);
INSERT INTO public.features VALUES (29, '15', 'MONITOR', 3);
INSERT INTO public.features VALUES (30, '16', 'MONITOR', 8);
INSERT INTO public.features VALUES (31, '15.6', 'MONITOR', 5);
INSERT INTO public.features VALUES (32, '64', 'RAM', 13);
INSERT INTO public.features VALUES (33, '4GB', 'RAM', 1);
INSERT INTO public.features VALUES (34, '8GB', 'RAM', 3);
INSERT INTO public.features VALUES (35, '16GB', 'RAM', 5);
INSERT INTO public.features VALUES (36, '32GB', 'RAM', 8);
INSERT INTO public.features VALUES (37, 'LED', 'RESOLUTION', 2);
INSERT INTO public.features VALUES (38, 'HD', 'RESOLUTION', 1);
INSERT INTO public.features VALUES (39, '5K Retina', 'RESOLUTION', 8);
INSERT INTO public.features VALUES (40, '4K Retina', 'RESOLUTION', 3);
INSERT INTO public.features VALUES (41, '128 GB', 'ROM', 1);
INSERT INTO public.features VALUES (42, '256 GB', 'ROM', 2);
INSERT INTO public.features VALUES (43, '512 GB', 'ROM', 3);
INSERT INTO public.features VALUES (44, '1 TB', 'ROM', 5);
INSERT INTO public.features VALUES (45, '128 GB', 'ROMSSD', 5);
INSERT INTO public.features VALUES (46, '256 GB', 'ROMSSD', 8);
INSERT INTO public.features VALUES (47, '512 GB', 'ROMSSD', 13);
INSERT INTO public.features VALUES (48, '1 TB', 'ROMSSD', 21);
INSERT INTO public.features VALUES (49, '2013', 'YEAR', 2);
INSERT INTO public.features VALUES (50, '2017', 'YEAR', 5);
INSERT INTO public.features VALUES (51, '2018', 'YEAR', 5);
INSERT INTO public.features VALUES (52, '2019', 'YEAR', 8);
INSERT INTO public.features VALUES (53, '2020', 'YEAR', 13);
INSERT INTO public.features VALUES (54, '2021', 'YEAR', 13);


--
-- TOC entry 3390 (class 0 OID 50547)
-- Dependencies: 217
-- Data for Name: image; Type: TABLE DATA; Schema: public; Owner: -
--

INSERT INTO public.image VALUES (1, '', 0, 'https://pisces.bbystatic.com/image2/BestBuy_US/images/products/6418/6418603_sd.jpg;maxHeight=640;maxWidth=550', 0, 2);
INSERT INTO public.image VALUES (2, '', 0, 'https://pisces.bbystatic.com/image2/BestBuy_US/images/products/6418/6418603cv11d.jpg;maxHeight=120;maxWidth=120', 0, 2);
INSERT INTO public.image VALUES (3, '', 0, 'https://pisces.bbystatic.com/image2/BestBuy_US/images/products/6366/6366572_sd.jpg;maxHeight=640;maxWidth=550', 0, 4);
INSERT INTO public.image VALUES (4, ' ', 0, 'https://macone.vn/wp-content/uploads/2020/11/macbook-air-gold-m1-2020.jpeg', 0, 5);
INSERT INTO public.image VALUES (5, ' ', 0, 'https://pisces.bbystatic.com/image2/BestBuy_US/images/products/6452/6452857_sd.jpg;maxHeight=640;maxWidth=550', 0, 3);
INSERT INTO public.image VALUES (9, NULL, NULL, 'https://i.imgur.com/L2mLJm1.png', NULL, 9);
INSERT INTO public.image VALUES (10, NULL, NULL, 'https://i.imgur.com/VXtgkgb.png', NULL, 6);
INSERT INTO public.image VALUES (11, NULL, NULL, 'https://i.imgur.com/lvkHmZK.png', NULL, 9);
INSERT INTO public.image VALUES (12, NULL, NULL, 'https://i.imgur.com/aoxC1uj.jpeg', NULL, 10);
INSERT INTO public.image VALUES (13, NULL, NULL, 'https://i.imgur.com/Pri6Kox.jpeg', NULL, 10);


--
-- TOC entry 3377 (class 0 OID 50479)
-- Dependencies: 204
-- Data for Name: orderdetails; Type: TABLE DATA; Schema: public; Owner: -
--

INSERT INTO public.orderdetails VALUES (2, 3, 1);
INSERT INTO public.orderdetails VALUES (2, 2, 1);
INSERT INTO public.orderdetails VALUES (2, 2, 4);
INSERT INTO public.orderdetails VALUES (3, 3, 4);
INSERT INTO public.orderdetails VALUES (2, 4, 5);
INSERT INTO public.orderdetails VALUES (2, 4, 6);
INSERT INTO public.orderdetails VALUES (2, 4, 7);
INSERT INTO public.orderdetails VALUES (3, 2, 8);
INSERT INTO public.orderdetails VALUES (5, 3, 9);
INSERT INTO public.orderdetails VALUES (4, 3, 10);
INSERT INTO public.orderdetails VALUES (8, 3, 11);
INSERT INTO public.orderdetails VALUES (4, 2, 12);
INSERT INTO public.orderdetails VALUES (1, 4, 12);
INSERT INTO public.orderdetails VALUES (7, 2, 13);
INSERT INTO public.orderdetails VALUES (3, 4, 13);


--
-- TOC entry 3379 (class 0 OID 50486)
-- Dependencies: 206
-- Data for Name: orders; Type: TABLE DATA; Schema: public; Owner: -
--

INSERT INTO public.orders VALUES (7, '88 Man thiện', 'PREPARE                                           ', '2021-07-23 08:56:23.359', 1, '0985023919');
INSERT INTO public.orders VALUES (8, '20 Man thiện', 'PREPARE                                           ', '2021-07-23 11:40:32.253', 19, '0985023919');
INSERT INTO public.orders VALUES (9, '20 Man thiện', 'PREPARE                                           ', '2021-07-23 11:44:25.174', 19, '0985023919');
INSERT INTO public.orders VALUES (10, '100 Man thiện', 'PREPARE                                           ', '2021-07-23 12:50:39.878', 19, '90292892912');
INSERT INTO public.orders VALUES (5, '', 'PREPARE                                           ', '2021-07-22 21:45:10.72', 20, '1');
INSERT INTO public.orders VALUES (6, '', 'PREPARE                                           ', '2021-07-23 07:53:32.868', 20, '2');
INSERT INTO public.orders VALUES (3, 'string', 'PREPARE                                           ', '2021-03-20 00:00:00', 21, '4');
INSERT INTO public.orders VALUES (4, 'string', 'PREPARE                                           ', '2021-07-22 21:27:59.67', 21, '5');
INSERT INTO public.orders VALUES (1, 'string', 'CANCELED                                          ', '2021-03-20 00:00:00', 1, '3');
INSERT INTO public.orders VALUES (11, 'Quận 9', 'PREPARE                                           ', '2021-07-24 10:57:10.025', 1, '0223111222');
INSERT INTO public.orders VALUES (12, '123123123b 12312312', 'PREPARE                                           ', '2021-07-28 12:50:22.833', 1, '0223111222');
INSERT INTO public.orders VALUES (13, 'Quận 9', 'PREPARE                                           ', '2021-07-28 16:05:27.541', 1, '0223111222');


--
-- TOC entry 3381 (class 0 OID 50494)
-- Dependencies: 208
-- Data for Name: products; Type: TABLE DATA; Schema: public; Owner: -
--

INSERT INTO public.products VALUES (6, NULL, 2222.00, '123123123', 'Edit moi', '2021-07-26 17:12:19.471', 3, 2);
INSERT INTO public.products VALUES (4, '2021-03-21 03:20:20', 2799.00, 'We aim to show you accurate product information. Manufacturers, suppliers and others provide what you see here, and we have not verified it. See our disclaimer ', 'MVVK2LL/A', '2021-07-20 13:48:33.09', 1, 90);
INSERT INTO public.products VALUES (5, NULL, 1199.00, 'Chip Apple M1 là con chip tương tự các sản phẩm gần đây iPhone 12 và iPad Air được xây dựng trên kiến trúc ARM khác so với bộ xử lý Intel trên các sản phẩm trước đó. Apple cho biết chip M1 có bốn lõi hiệu suất cực cao và bốn lõi hiệu suất cao để cân bằng giữa sức mạnh và độ bền. Nó cũng được công bố là con chip cung cấp hiệu suất trên mỗi watt điện tốt nhất thế giới với bất kỳ CPU nào và cho phép tốc độ được đánh thức tức thì, giúp đây là sản phẩm sẽ làm việc ngay khi bạn mở nó ra. Tất cả những điều đó sẽ làm tăng thời lượng pin và hiệu suất mạnh mẽ hơn so với các sản phẩm Macbook Air trước đó', 'MGN63/ MGN93/ MGND3', NULL, 2, 0);
INSERT INTO public.products VALUES (2, '2021-03-21 03:20:20', 1299.00, 'We aim to show you accurate product information. Manufacturers, suppliers and others provide what you see here, and we have not verified it. See our disclaimer
With a Retina display and a thin, lightweight design, the Apple 12" MacBook provides both portability and performance. Measuring just 0.5" (13.1 mm) thin and weighing just 2 pounds, the MacBook is compact yet still has a premium feel, thanks to its unibody design.
12-inch (2304 x 1440) IPS Display
Intel Core M3-6Y30 Processor (Dual-Core, 1.1GHz, 4MB Cache)
8GB DDR3 System Memory
256GB SATA Solid State Drive (SSD)
Integrated Intel HD Graphics 515
Backlit Standard Keyboard and Touchpad
1MP Webcam and Integrated Microphone
No Ethernet, 802.11AACBGN and Bluetooth 4.0 + HS
6-cell Lithium-Polymer Battery
macOS 10.12  Operating System
11" x 0.5" x 7.7" (HxWxD); 2lbs
Energy Star Compliant
12-inch (2304 x 1440) IPS Display
Intel Core M3-6Y30 Processor (Dual-Core, 1.1GHz, 4MB Cache)
8GB DDR3 System Memory
256GB SATA Solid State Drive (SSD)
Integrated Intel HD Graphics 515
Backlit Standard Keyboard and Touchpad
1MP Webcam and Integrated Microphone
No Ethernet, 802.11AACBGN and Bluetooth 4.0 + HS
6-cell Lithium-Polymer Battery
macOS 10.12  Operating System
11" x 0.5" x 7.7" (HxWxD); 2lbs
Energy Star Compliant', 'MYD92LL/A', '2021-07-20 13:42:34.516', 1, 84);
INSERT INTO public.products VALUES (3, '2021-03-21 03:20:20', 1099.00, 'We aim to show you accurate product information. Manufacturers, suppliers and others provide what you see here, and we have not verified it. See our disclaimer
With a Retina display and a thin, lightweight design, the Apple 12" MacBook provides both portability and performance. Measuring just 0.5" (13.1 mm) thin and weighing just 2 pounds, the MacBook is compact yet still has a premium feel, thanks to its unibody design.
12-inch (2304 x 1440) IPS Display
Intel Core M3-6Y30 Processor (Dual-Core, 1.1GHz, 4MB Cache)
8GB DDR3 System Memory
256GB SATA Solid State Drive (SSD)
Integrated Intel HD Graphics 515
Backlit Standard Keyboard and Touchpad
1MP Webcam and Integrated Microphone
No Ethernet, 802.11AACBGN and Bluetooth 4.0 + HS
6-cell Lithium-Polymer Battery
macOS 10.12  Operating System
11" x 0.5" x 7.7" (HxWxD); 2lbs
Energy Star Compliant
12-inch (2304 x 1440) IPS Display
Intel Core M3-6Y30 Processor (Dual-Core, 1.1GHz, 4MB Cache)
8GB DDR3 System Memory
256GB SATA Solid State Drive (SSD)
Integrated Intel HD Graphics 515
Backlit Standard Keyboard and Touchpad
1MP Webcam and Integrated Microphone
No Ethernet, 802.11AACBGN and Bluetooth 4.0 + HS
6-cell Lithium-Polymer Battery
macOS 10.12  Operating System
11" x 0.5" x 7.7" (HxWxD); 2lbs
Energy Star Compliant', 'MYD82LL/A', '2021-07-20 13:46:29.191', 1, 80);
INSERT INTO public.products VALUES (10, NULL, 11.00, '123123', 'product 4', NULL, 4, 123);
INSERT INTO public.products VALUES (9, NULL, 2222.00, '123123', 'Test Image', '2021-07-28 15:13:45.516', 1, 10);
INSERT INTO public.products VALUES (2040387, '2021-08-14 19:19:49.94627', 1779.06, NULL, 'MV962LL/A', NULL, 1, 42);
INSERT INTO public.products VALUES (2040388, '2021-08-14 19:19:49.953015', 1779.06, NULL, 'MV992LL/A', NULL, 1, 69);
INSERT INTO public.products VALUES (2040389, '2021-08-14 19:19:49.953325', 1988.48, NULL, 'MV972LL/A', NULL, 1, 14);
INSERT INTO public.products VALUES (2040390, '2021-08-14 19:19:49.953567', 1988.48, NULL, 'MV9A2LL/A', NULL, 1, 12);
INSERT INTO public.products VALUES (2033962, '2021-08-14 19:19:49.953783', 1307.85, NULL, 'MPXQ2LL/A', NULL, 1, 56);
INSERT INTO public.products VALUES (2033963, '2021-08-14 19:19:49.953994', 1307.85, NULL, 'MPXR2LL/A', NULL, 1, 7);
INSERT INTO public.products VALUES (2033964, '2021-08-14 19:19:49.954202', 1517.28, NULL, 'MPXT2LL/A', NULL, 1, 94);
INSERT INTO public.products VALUES (2033965, '2021-08-14 19:19:49.954385', 1517.28, NULL, 'MPXU2LL/A', NULL, 1, 43);
INSERT INTO public.products VALUES (2040391, '2021-08-14 19:19:49.954565', 2354.97, NULL, 'MV902LL/A', NULL, 1, 49);
INSERT INTO public.products VALUES (2040392, '2021-08-14 19:19:49.954799', 2354.97, NULL, 'MV922LL/A', NULL, 1, 23);
INSERT INTO public.products VALUES (2040393, '2021-08-14 19:19:49.954998', 2721.46, NULL, 'MV912LL/A', NULL, 1, 87);
INSERT INTO public.products VALUES (2040394, '2021-08-14 19:19:49.955186', 2721.46, NULL, 'MV932LL/A', NULL, 1, 12);
INSERT INTO public.products VALUES (2038799, '2021-08-14 19:19:49.955366', 1203.14, NULL, 'MRE82LL/A', NULL, 2, 80);
INSERT INTO public.products VALUES (2038800, '2021-08-14 19:19:49.955544', 1203.14, NULL, 'MREA2LL/A', NULL, 2, 39);
INSERT INTO public.products VALUES (2038801, '2021-08-14 19:19:49.955718', 1203.14, NULL, 'MREE2LL/A', NULL, 2, 56);
INSERT INTO public.products VALUES (2038802, '2021-08-14 19:19:49.955924', 1412.56, NULL, 'MRE92LL/A', NULL, 2, 54);
INSERT INTO public.products VALUES (2038803, '2021-08-14 19:19:49.956152', 1412.56, NULL, 'MREC2LL/A', NULL, 2, 58);
INSERT INTO public.products VALUES (2038804, '2021-08-14 19:19:49.956335', 1412.56, NULL, 'MREF2LL/A', NULL, 2, 48);
INSERT INTO public.products VALUES (2033974, '2021-08-14 19:19:49.956524', 889.00, NULL, 'MQD32LL/A', NULL, 2, 89);
INSERT INTO public.products VALUES (2033976, '2021-08-14 19:19:49.95675', 1307.85, NULL, 'MNYF2LL/A', NULL, 1, 7);
INSERT INTO public.products VALUES (2033977, '2021-08-14 19:19:49.956945', 1307.85, NULL, 'MNYH2LL/A', NULL, 1, 49);
INSERT INTO public.products VALUES (2038817, '2021-08-14 19:19:49.957124', 1307.85, NULL, 'MRQN2LL/A', NULL, 1, 83);
INSERT INTO public.products VALUES (2033981, '2021-08-14 19:19:49.957299', 1621.99, NULL, 'MNYG2LL/A', NULL, 1, 26);
INSERT INTO public.products VALUES (2033982, '2021-08-14 19:19:49.957482', 1621.99, NULL, 'MNYJ2LL/A', NULL, 1, 14);
INSERT INTO public.products VALUES (2038818, '2021-08-14 19:19:49.95764', 1621.99, NULL, 'MRQP2LL/A', NULL, 1, 95);
INSERT INTO public.products VALUES (2033985, '2021-08-14 19:19:49.957821', 1098.43, NULL, 'MMQA2LL/A', NULL, 4, 95);
INSERT INTO public.products VALUES (2039882, '2021-08-14 19:19:49.958044', 1307.85, NULL, 'MRT32LL/A', NULL, 4, 10);
INSERT INTO public.products VALUES (2039883, '2021-08-14 19:19:49.958219', 1464.92, NULL, 'MRT42LL/A', NULL, 4, 25);
INSERT INTO public.products VALUES (2039885, '2021-08-14 19:19:49.958383', 1779.06, NULL, 'MRQY2LL/A', NULL, 4, 48);
INSERT INTO public.products VALUES (2039886, '2021-08-14 19:19:49.958543', 1988.48, NULL, 'MRR02LL/A', NULL, 4, 22);
INSERT INTO public.products VALUES (2039887, '2021-08-14 19:19:49.958702', 2197.90, NULL, 'MRR12LL/A', NULL, 4, 34);


--
-- TOC entry 3382 (class 0 OID 50503)
-- Dependencies: 209
-- Data for Name: rates; Type: TABLE DATA; Schema: public; Owner: -
--

INSERT INTO public.rates VALUES ('5', 5, 1, 2);
INSERT INTO public.rates VALUES ('123', 3, 19, 6);
INSERT INTO public.rates VALUES ('4', 5, 1, 6);
INSERT INTO public.rates VALUES ('123123123', 5, 17, 4);
INSERT INTO public.rates VALUES ('123123123', 5, 23, 6);
INSERT INTO public.rates VALUES ('2', 2, 19, 2);


--
-- TOC entry 3392 (class 0 OID 50558)
-- Dependencies: 219
-- Data for Name: roles; Type: TABLE DATA; Schema: public; Owner: -
--

INSERT INTO public.roles VALUES (3, 'ROLE_ADMIN');
INSERT INTO public.roles VALUES (2, 'ROLE_PM');
INSERT INTO public.roles VALUES (1, 'ROLE_USER');


--
-- TOC entry 3384 (class 0 OID 50510)
-- Dependencies: 211
-- Data for Name: user; Type: TABLE DATA; Schema: public; Owner: -
--

INSERT INTO public."user" VALUES (1, '123@gmail.com', '$2a$10$PsbWmb39aRuXZbg5tENJeuYyNcXW4D7qbT6G0/XYk2GhOQQlPEaE6', 'admin1');
INSERT INTO public."user" VALUES (2, '123s45@gmail.com', '$2a$10$IBzdhcESpAB/Z9FBHAlsieQDmW4Nosol3cbPE2zWhwB0IpEnzydua', 'admin');
INSERT INTO public."user" VALUES (3, '1232s45@gmail.com', '$2a$10$Qv0qTrxBSkhEemLmOs0AUuQh9OWUUqTMSXTBebDlPGQj8Ih.SIpha', 'admin3');
INSERT INTO public."user" VALUES (4, '1232245@gmail.com', '$2a$10$cNMyJd.9HISn/uG3qsZmYe.oTIi7FCJWTSDqHHywx/VqvtDVfXpq6', 'admin4');
INSERT INTO public."user" VALUES (6, 'admin@admin.com', '$2a$10$p5x8QuxnpBlcS2QOdzZIFuUUMoC3UOvSyq.saXIXj27DN2a6.kmXi', 'admin2');
INSERT INTO public."user" VALUES (7, 'vnplaygame@gmail.com', '$2a$10$F9tenzxcxKdUqWul7gn97u9T8y/p.l4mTZt2iHM5hdDDLxpT3QWc2', 'admin6');
INSERT INTO public."user" VALUES (8, 'vnplayg2ame@gmail.com', '$2a$10$V3TbLjFuBQwuk2vMilfM0uQgjFfLdW.AL8nuNgTcA/6Kbj3Ag5yAq', 'admin1231213');
INSERT INTO public."user" VALUES (9, 'vnplay2game@gmail.com', '$2a$10$15MBJe5Q3bh3LKCn8IO3p.PfcGr2Di6QO6tf5rmiOooElNNUef4pi', '123456');
INSERT INTO public."user" VALUES (10, '123@yahoo.com', '$2a$10$iCirsEoh5xVjC5AUDatfMeIGtzM6mxS9kd94elOmB.QMdJHzFSXwW', 'customer');
INSERT INTO public."user" VALUES (11, '1234@yahoo.com', '$2a$10$QjzBmGGRKf7N4rgJtGpiwuLIUZgbRYqJY4c8dnR1bFpJXPPACyBOe', 'customer2');
INSERT INTO public."user" VALUES (12, '12343@yahoo.com', '$2a$10$X7fXWQIExWRFIWN2Lb.UC.3wR9ivuuiYqFBCsFfXbUTIjK6rlz7fi', 'customer3');
INSERT INTO public."user" VALUES (13, '1235@yahoo.com', '$2a$10$dPSQWR9HQdQZTeoy.A98SuWQNcTdivbQ/ESNzVeVzP6OSEOp8u1.e', 'customer4');
INSERT INTO public."user" VALUES (14, '5@yahoo.com', '$2a$10$lsvz2Hrm4mXGBY1/kfGlI.8tSVkng9..sotYSvpfTkPmz0D1DtLCi', 'customer5');
INSERT INTO public."user" VALUES (15, '6@yahoo.com', '$2a$10$qBNRfXi/5opfxHrS6c7hIeCCJw8eKFUIcx34e3szFSoka.H1.3S9S', 'customer6');
INSERT INTO public."user" VALUES (16, '7@yahoo.com', '$2a$10$1HssRX0jF2zNxo7ByauMT.hAkcG40kbAmQAs3qXgtEmS4aXMtt12G', 'customer7');
INSERT INTO public."user" VALUES (17, '8@yahoo.com', '$2a$10$CJVWQPf42Co6P0rOtAQIa.Hb/rQYrbKqTMASUpbhGPkP/USrviFNW', 'customer8');
INSERT INTO public."user" VALUES (19, '10@yahoo.com', '$2a$10$09cNhT/D7WH.o0f0sneRm.IUXHKa7Qcx5QP5R9FaXZQughzgISnGq', 'customer10');
INSERT INTO public."user" VALUES (20, '11@yahoo.com', '$2a$10$Qml96rHGBMacLWgDYDOrMeWN28jivqNtoMp2IwV4iYWwSIu2yEpj2', 'customer11');
INSERT INTO public."user" VALUES (23, '14@yahoo.com', '$2a$10$RUbjM3SJX8kyjYzZOFB7JuVbsX..yhdzr9Vbgv07jSugey3Y7XMGS', 'customer14');
INSERT INTO public."user" VALUES (21, '21@yahoo.com', '$2a$10$/qxnwjR.jhWhqWapUyyja.EN3jBZREnmLbWuANcifKqUbJ6lbJxPq', '33333');
INSERT INTO public."user" VALUES (25, 'trantoai.9x@gmail.com', '$2a$10$fe5PHh1fTjCOARVkFssEguL81ISCHk45QYp.jjc5a4B5/tVL2F01u', 'trantoai');


--
-- TOC entry 3393 (class 0 OID 50564)
-- Dependencies: 220
-- Data for Name: user_roles; Type: TABLE DATA; Schema: public; Owner: -
--

INSERT INTO public.user_roles VALUES (1, 1);
INSERT INTO public.user_roles VALUES (2, 3);
INSERT INTO public.user_roles VALUES (3, 2);
INSERT INTO public.user_roles VALUES (4, 1);
INSERT INTO public.user_roles VALUES (6, 1);
INSERT INTO public.user_roles VALUES (7, 1);
INSERT INTO public.user_roles VALUES (8, 1);
INSERT INTO public.user_roles VALUES (9, 1);
INSERT INTO public.user_roles VALUES (10, 1);
INSERT INTO public.user_roles VALUES (11, 1);
INSERT INTO public.user_roles VALUES (12, 1);
INSERT INTO public.user_roles VALUES (13, 1);
INSERT INTO public.user_roles VALUES (14, 1);
INSERT INTO public.user_roles VALUES (15, 1);
INSERT INTO public.user_roles VALUES (16, 1);
INSERT INTO public.user_roles VALUES (17, 1);
INSERT INTO public.user_roles VALUES (19, 1);
INSERT INTO public.user_roles VALUES (20, 1);
INSERT INTO public.user_roles VALUES (23, 1);
INSERT INTO public.user_roles VALUES (21, 1);
INSERT INTO public.user_roles VALUES (21, 3);
INSERT INTO public.user_roles VALUES (25, 3);


--
-- TOC entry 3386 (class 0 OID 50521)
-- Dependencies: 213
-- Data for Name: userdetails; Type: TABLE DATA; Schema: public; Owner: -
--

INSERT INTO public.userdetails VALUES (2, 'admin', 'admin', 'admin');
INSERT INTO public.userdetails VALUES (3, 'admin3', 'admin3', 'admin3');
INSERT INTO public.userdetails VALUES (4, 'admin4', 'admin4', 'admin4');
INSERT INTO public.userdetails VALUES (6, 'admin2', 'admin2', 'admin2');
INSERT INTO public.userdetails VALUES (7, 'admin6', 'admin6', 'admin6');
INSERT INTO public.userdetails VALUES (8, 'admin1231213', 'admin1231213', 'admin1231213');
INSERT INTO public.userdetails VALUES (9, '123456', '123456', '123456');
INSERT INTO public.userdetails VALUES (10, 'customer', 'customer', 'customer');
INSERT INTO public.userdetails VALUES (11, 'customer2', 'customer2', 'customer2');
INSERT INTO public.userdetails VALUES (12, 'customer3', 'customer3', 'customer3');
INSERT INTO public.userdetails VALUES (13, 'customer4', 'customer4', 'customer4');
INSERT INTO public.userdetails VALUES (14, 'customer5', 'customer5', 'customer5');
INSERT INTO public.userdetails VALUES (15, 'customer6', 'customer6', 'customer6');
INSERT INTO public.userdetails VALUES (16, 'customer7', 'customer7', 'customer7');
INSERT INTO public.userdetails VALUES (17, 'customer8', 'customer8', 'customer8');
INSERT INTO public.userdetails VALUES (19, '', 'customer11', 'customer11');
INSERT INTO public.userdetails VALUES (20, 'test', 'kskssk', 'ccncn');
INSERT INTO public.userdetails VALUES (23, '', 'customer14', 'customer14');
INSERT INTO public.userdetails VALUES (21, '97 man thiện', 'customer14', 'customer14');
INSERT INTO public.userdetails VALUES (25, '102', 'Toại', 'Trần');
INSERT INTO public.userdetails VALUES (1, 'jsjssj', 'John', 'Smith');

